{"stats":{"minecraft:used":{"minecraft:polished_deepslate_stairs":2,"minecraft:deepslate_tiles":125,"minecraft:cobblestone":4,"animewitchery:world_button":1,"minecraft:polished_deepslate":138,"minecraft:deepslate_tile_stairs":2,"minecraft:spruce_slab":5,"minecraft:deepslate_brick_slab":12,"minecraft:spruce_planks":169,"minecraft:stone":7,"minecraft:pearlescent_froglight":5,"minecraft:spruce_trapdoor":7,"animewitchery:server_button":1,"minecraft:spruce_fence":1,"minecraft:spruce_log":167,"minecraft:deepslate_brick_stairs":7,"minecraft:deepslate":57,"minecraft:stripped_spruce_log":95,"minecraft:deepslate_bricks":9},"minecraft:custom":{"minecraft:time_since_rest":29443,"minecraft:crouch_one_cm":1438,"minecraft:sprint_one_cm":16661,"minecraft:play_time":29443,"minecraft:walk_one_cm":44568,"minecraft:sneak_time":1412,"minecraft:jump":145,"minecraft:leave_game":57,"minecraft:time_since_death":29443,"minecraft:total_world_time":40163,"minecraft:fly_one_cm":69446}},"DataVersion":3465}